,Unnamed: 0,os_type,type,batch_size,average_run_time,Reparam
0,0.0,aarch64,cpu,1,0.17637460231781,No
1,0.0,aarch64,cpu,1,0.1054737567901611,Yes
0,,x86_64,cpu,1,0.00955812931060791,No
0,,x86_64,cpu,128,0.7637073516845703,No
0,,x86_64,cpu,1,0.003965044021606445,Yes
0,,x86_64,cpu,128,0.3176818132400513,Yes
0,,x86_64,gpu,1,0.0022703886032104494,No
0,,x86_64,gpu,128,0.010994434356689453,No
0,,x86_64,gpu,1,0.0006819725036621094,Yes
0,,x86_64,gpu,128,0.002281451225280762,Yes
