,Unnamed: 0,os_type,type,batch_size,average_run_time,Reparam
0,0.0,aarch64,cpu,1,0.2969855308532715,No
1,0.0,aarch64,cpu,1,0.0513703107833862,Yes
0,,x86_64,cpu,1,0.030319404602050782,No
0,,x86_64,cpu,128,2.713935303688049,No
0,,x86_64,cpu,1,0.005059576034545899,Yes
0,,x86_64,cpu,128,0.35289161205291747,Yes
0,,x86_64,gpu,1,0.0076990842819213865,No
0,,x86_64,gpu,128,0.05725386142730713,No
0,,x86_64,gpu,1,0.0009839057922363282,Yes
0,,x86_64,gpu,128,0.002212929725646973,Yes
