,Unnamed: 0,os_type,type,batch_size,average_run_time,Reparam
0,0.0,aarch64,cpu,1,0.2265530586242675,No
1,0.0,aarch64,cpu,1,0.1765721797943115,Yes
0,,x86_64,cpu,1,0.017675280570983887,No
0,,x86_64,cpu,128,1.3737409830093383,No
0,,x86_64,cpu,1,0.010691642761230469,Yes
0,,x86_64,cpu,128,0.7492036342620849,Yes
0,,x86_64,gpu,1,0.004282212257385254,No
0,,x86_64,gpu,128,0.01977555751800537,No
0,,x86_64,gpu,1,0.0022734403610229492,Yes
0,,x86_64,gpu,128,0.013898468017578125,Yes
